stage,fixture,operation,median_ms,p95_ms
before,text-4000,load-page-and-extract,1.133200,1.195000
before,text-4000,extract-loaded-page,0.992100,1.037500
before,text-4000,prepare-render-shapes,2.815700,2.972800
before,text-52000,load-page-and-extract,14.612100,15.015100
before,text-52000,extract-loaded-page,12.757000,13.233000
before,text-52000,prepare-render-shapes,34.413700,34.929700
before,type3-4000,load-page-and-extract,1.076600,1.089100
before,type3-4000,extract-loaded-page,0.939300,1.134800
before,text-4000,save-0-erasures,2.863700,3.194900
before,text-4000,save-1-erasures,3.027700,3.239300
before,text-4000,save-8-erasures,3.366400,3.400500
before,text-52000,save-0-erasures,5.749900,6.134500
before,text-52000,save-1-erasures,6.082400,6.593000
before,text-52000,save-8-erasures,9.110700,10.411200
before,type3-4000,save-0-erasures,3.537600,3.729200
before,type3-4000,save-1-erasures,3.626500,3.664100
before,type3-4000,save-8-erasures,3.877900,4.674300
after,text-4000,load-page-and-extract,1.239400,1.303400
after,text-4000,extract-loaded-page,1.107000,1.153600
after,text-4000,prepare-render-shapes,2.915300,3.017500
after,text-4000,selection-filter-0,0.000015,0.000015
after,text-4000,selection-filter-1,0.053735,0.088625
after,text-4000,selection-filter-8,0.194485,0.198410
after,text-4000,selection-filter-32,0.687775,0.702625
after,text-52000,load-page-and-extract,15.669300,16.027200
after,text-52000,extract-loaded-page,14.145000,14.678300
after,text-52000,prepare-render-shapes,35.309400,35.960400
after,text-52000,selection-filter-0,0.000015,0.000015
after,text-52000,selection-filter-1,0.813650,0.826020
after,text-52000,selection-filter-8,2.761270,2.801405
after,text-52000,selection-filter-32,9.336400,9.410030
after,type3-4000,load-page-and-extract,1.216400,1.289400
after,type3-4000,extract-loaded-page,1.129000,1.190300
after,type3-4000,selection-filter-0,0.000015,0.000015
after,type3-4000,selection-filter-1,0.038695,0.041215
after,type3-4000,selection-filter-8,0.183685,0.190560
after,type3-4000,selection-filter-32,0.666050,0.678165
after,text-4000,save-0-erasures,2.842400,3.415400
after,text-4000,save-1-erasures,6.674200,7.017700
after,text-4000,save-8-erasures,31.290500,31.793200
after,text-52000,save-0-erasures,6.109500,6.850500
after,text-52000,save-1-erasures,51.300500,51.618200
after,text-52000,save-8-erasures,362.619300,366.681700
after,type3-4000,save-0-erasures,2.813900,3.009600
after,type3-4000,save-1-erasures,5.229000,5.791600
after,type3-4000,save-8-erasures,120.097500,121.494700
optimized,text-4000,load-page-and-extract,1.283100,1.440400
optimized,text-4000,extract-loaded-page,1.077100,1.179700
optimized,text-4000,prepare-render-shapes,2.718100,2.994700
optimized,text-4000,selection-filter-0,0.000015,0.000015
optimized,text-4000,selection-cached-0,0.000014,0.000014
optimized,text-4000,selection-filter-1,0.051080,0.055610
optimized,text-4000,selection-cached-1,0.000041,0.000042
optimized,text-4000,selection-filter-8,0.220910,0.227350
optimized,text-4000,selection-cached-8,0.000078,0.000079
optimized,text-4000,selection-filter-32,0.785730,0.802330
optimized,text-4000,selection-cached-32,0.000194,0.000195
optimized,text-52000,load-page-and-extract,15.754100,16.005300
optimized,text-52000,extract-loaded-page,14.383900,14.794700
optimized,text-52000,prepare-render-shapes,35.693000,36.745200
optimized,text-52000,selection-filter-0,0.000015,0.000015
optimized,text-52000,selection-cached-0,0.000012,0.000013
optimized,text-52000,selection-filter-1,0.837050,0.859955
optimized,text-52000,selection-cached-1,0.000041,0.000042
optimized,text-52000,selection-filter-8,3.032420,3.101475
optimized,text-52000,selection-cached-8,0.000076,0.000077
optimized,text-52000,selection-filter-32,10.570760,10.901060
optimized,text-52000,selection-cached-32,0.000199,0.000214
optimized,type3-4000,load-page-and-extract,1.233100,1.293900
optimized,type3-4000,extract-loaded-page,0.954800,1.014500
optimized,type3-4000,selection-filter-0,0.000015,0.000020
optimized,type3-4000,selection-cached-0,0.000013,0.000014
optimized,type3-4000,selection-filter-1,0.040015,0.042105
optimized,type3-4000,selection-cached-1,0.000042,0.000042
optimized,type3-4000,selection-filter-8,0.209365,0.212430
optimized,type3-4000,selection-cached-8,0.000078,0.000079
optimized,type3-4000,selection-filter-32,0.792130,0.808415
optimized,type3-4000,selection-cached-32,0.000199,0.000200
optimized,text-4000,save-0-erasures,2.988800,3.153500
optimized,text-4000,save-1-erasures,3.556600,3.873000
optimized,text-4000,save-8-erasures,3.661300,3.838900
optimized,text-52000,save-0-erasures,5.917200,6.217300
optimized,text-52000,save-1-erasures,12.640900,13.193800
optimized,text-52000,save-8-erasures,13.161100,13.347800
optimized,type3-4000,save-0-erasures,3.039300,3.248600
optimized,type3-4000,save-1-erasures,5.577500,6.186300
optimized,type3-4000,save-8-erasures,5.512500,5.544600
before-repeat-1,text-4000,load-page-and-extract,1.205200,1.262400
before-repeat-1,text-4000,extract-loaded-page,1.074200,1.172100
before-repeat-1,text-4000,prepare-render-shapes,2.935800,3.187400
before-repeat-1,text-52000,load-page-and-extract,14.916800,15.150300
before-repeat-1,text-52000,extract-loaded-page,13.499400,14.030500
before-repeat-1,text-52000,prepare-render-shapes,35.444500,35.783600
before-repeat-1,type3-4000,load-page-and-extract,1.101300,1.137300
before-repeat-1,type3-4000,extract-loaded-page,1.009100,1.061500
before-repeat-1,text-4000,save-0-erasures,2.830700,2.986300
before-repeat-1,text-4000,save-1-erasures,3.050900,3.330400
before-repeat-1,text-4000,save-8-erasures,3.240500,9.859200
before-repeat-1,text-52000,save-0-erasures,5.770000,5.835500
before-repeat-1,text-52000,save-1-erasures,6.140000,7.112700
before-repeat-1,text-52000,save-8-erasures,8.669300,8.996600
before-repeat-1,type3-4000,save-0-erasures,3.162800,3.346100
before-repeat-1,type3-4000,save-1-erasures,3.317300,3.713500
before-repeat-1,type3-4000,save-8-erasures,3.516300,3.599100
optimized-repeat-1,text-4000,load-page-and-extract,1.332600,2.068500
optimized-repeat-1,text-4000,extract-loaded-page,1.164900,2.047600
optimized-repeat-1,text-4000,prepare-render-shapes,2.818600,2.919600
optimized-repeat-1,text-4000,selection-filter-0,0.000015,0.000015
optimized-repeat-1,text-4000,selection-cached-0,0.000014,0.000014
optimized-repeat-1,text-4000,selection-filter-1,0.035515,0.044330
optimized-repeat-1,text-4000,selection-cached-1,0.000043,0.000043
optimized-repeat-1,text-4000,selection-filter-8,0.258715,0.270745
optimized-repeat-1,text-4000,selection-cached-8,0.000077,0.000078
optimized-repeat-1,text-4000,selection-filter-32,0.833410,0.845185
optimized-repeat-1,text-4000,selection-cached-32,0.000193,0.000194
optimized-repeat-1,text-52000,load-page-and-extract,15.954200,16.752200
optimized-repeat-1,text-52000,extract-loaded-page,13.715300,14.252100
optimized-repeat-1,text-52000,prepare-render-shapes,34.110500,34.634100
optimized-repeat-1,text-52000,selection-filter-0,0.000015,0.000015
optimized-repeat-1,text-52000,selection-cached-0,0.000012,0.000013
optimized-repeat-1,text-52000,selection-filter-1,0.838275,0.856715
optimized-repeat-1,text-52000,selection-cached-1,0.000042,0.000042
optimized-repeat-1,text-52000,selection-filter-8,3.044655,3.080970
optimized-repeat-1,text-52000,selection-cached-8,0.000078,0.000079
optimized-repeat-1,text-52000,selection-filter-32,10.616760,10.795160
optimized-repeat-1,text-52000,selection-cached-32,0.000194,0.000196
optimized-repeat-1,type3-4000,load-page-and-extract,1.187100,1.291000
optimized-repeat-1,type3-4000,extract-loaded-page,1.021700,1.074600
optimized-repeat-1,type3-4000,selection-filter-0,0.000015,0.000015
optimized-repeat-1,type3-4000,selection-cached-0,0.000012,0.000013
optimized-repeat-1,type3-4000,selection-filter-1,0.044830,0.048050
optimized-repeat-1,type3-4000,selection-cached-1,0.000041,0.000042
optimized-repeat-1,type3-4000,selection-filter-8,0.210465,0.214155
optimized-repeat-1,type3-4000,selection-cached-8,0.000078,0.000078
optimized-repeat-1,type3-4000,selection-filter-32,0.767375,0.792330
optimized-repeat-1,type3-4000,selection-cached-32,0.000194,0.000194
optimized-repeat-1,text-4000,save-0-erasures,2.852700,3.212900
optimized-repeat-1,text-4000,save-1-erasures,3.561600,4.277600
optimized-repeat-1,text-4000,save-8-erasures,3.905400,4.027600
optimized-repeat-1,text-52000,save-0-erasures,5.705800,6.143300
optimized-repeat-1,text-52000,save-1-erasures,12.150400,12.784200
optimized-repeat-1,text-52000,save-8-erasures,12.273400,13.613100
optimized-repeat-1,type3-4000,save-0-erasures,3.077800,5.053100
optimized-repeat-1,type3-4000,save-1-erasures,5.068600,5.589600
optimized-repeat-1,type3-4000,save-8-erasures,5.154400,5.432400
optimized-repeat-2,text-4000,load-page-and-extract,1.186700,1.298000
optimized-repeat-2,text-4000,extract-loaded-page,1.015300,1.131100
optimized-repeat-2,text-4000,prepare-render-shapes,2.774100,2.919300
optimized-repeat-2,text-4000,selection-filter-0,0.000015,0.000015
optimized-repeat-2,text-4000,selection-cached-0,0.000012,0.000013
optimized-repeat-2,text-4000,selection-filter-1,0.038785,0.051195
optimized-repeat-2,text-4000,selection-cached-1,0.000041,0.000041
optimized-repeat-2,text-4000,selection-filter-8,0.216320,0.219085
optimized-repeat-2,text-4000,selection-cached-8,0.000077,0.000078
optimized-repeat-2,text-4000,selection-filter-32,0.796415,0.827705
optimized-repeat-2,text-4000,selection-cached-32,0.000197,0.000198
optimized-repeat-2,text-52000,load-page-and-extract,16.592500,17.265600
optimized-repeat-2,text-52000,extract-loaded-page,14.155400,14.504400
optimized-repeat-2,text-52000,prepare-render-shapes,35.212300,35.859000
optimized-repeat-2,text-52000,selection-filter-0,0.000015,0.000015
optimized-repeat-2,text-52000,selection-cached-0,0.000013,0.000013
optimized-repeat-2,text-52000,selection-filter-1,0.839385,0.860635
optimized-repeat-2,text-52000,selection-cached-1,0.000041,0.000042
optimized-repeat-2,text-52000,selection-filter-8,3.085335,3.120315
optimized-repeat-2,text-52000,selection-cached-8,0.000078,0.000079
optimized-repeat-2,text-52000,selection-filter-32,10.538680,10.737515
optimized-repeat-2,text-52000,selection-cached-32,0.000194,0.000194
optimized-repeat-2,type3-4000,load-page-and-extract,1.181300,1.230800
optimized-repeat-2,type3-4000,extract-loaded-page,1.051200,1.106300
optimized-repeat-2,type3-4000,selection-filter-0,0.000015,0.000015
optimized-repeat-2,type3-4000,selection-cached-0,0.000012,0.000013
optimized-repeat-2,type3-4000,selection-filter-1,0.039750,0.042535
optimized-repeat-2,type3-4000,selection-cached-1,0.000041,0.000041
optimized-repeat-2,type3-4000,selection-filter-8,0.204385,0.212880
optimized-repeat-2,type3-4000,selection-cached-8,0.000077,0.000078
optimized-repeat-2,type3-4000,selection-filter-32,0.765780,0.772940
optimized-repeat-2,type3-4000,selection-cached-32,0.000194,0.000194
optimized-repeat-2,text-4000,save-0-erasures,2.844200,3.217100
optimized-repeat-2,text-4000,save-1-erasures,3.581200,3.718800
optimized-repeat-2,text-4000,save-8-erasures,3.683000,3.763200
optimized-repeat-2,text-52000,save-0-erasures,5.802900,5.978700
optimized-repeat-2,text-52000,save-1-erasures,13.501600,14.186200
optimized-repeat-2,text-52000,save-8-erasures,12.955200,13.339900
optimized-repeat-2,type3-4000,save-0-erasures,2.996900,3.307700
optimized-repeat-2,type3-4000,save-1-erasures,5.314500,5.424200
optimized-repeat-2,type3-4000,save-8-erasures,5.660700,6.177700
before-repeat-2,text-4000,load-page-and-extract,1.097200,1.128300
before-repeat-2,text-4000,extract-loaded-page,0.994900,1.044900
before-repeat-2,text-4000,prepare-render-shapes,2.820900,3.071600
before-repeat-2,text-52000,load-page-and-extract,14.667100,15.012100
before-repeat-2,text-52000,extract-loaded-page,13.061600,13.745300
before-repeat-2,text-52000,prepare-render-shapes,35.449800,35.837600
before-repeat-2,type3-4000,load-page-and-extract,1.055200,1.074300
before-repeat-2,type3-4000,extract-loaded-page,0.925300,0.980000
before-repeat-2,text-4000,save-0-erasures,2.911900,3.105400
before-repeat-2,text-4000,save-1-erasures,3.032100,3.348100
before-repeat-2,text-4000,save-8-erasures,3.286100,3.507900
before-repeat-2,text-52000,save-0-erasures,5.645400,5.894500
before-repeat-2,text-52000,save-1-erasures,6.050000,6.820100
before-repeat-2,text-52000,save-8-erasures,9.259700,10.260100
before-repeat-2,type3-4000,save-0-erasures,3.043200,3.308800
before-repeat-2,type3-4000,save-1-erasures,3.452000,4.129400
before-repeat-2,type3-4000,save-8-erasures,3.652900,3.835200
before-repeat-3,text-4000,load-page-and-extract,1.111700,1.154200
before-repeat-3,text-4000,extract-loaded-page,0.973900,1.037800
before-repeat-3,text-4000,prepare-render-shapes,2.772600,2.895600
before-repeat-3,text-52000,load-page-and-extract,14.750700,15.186600
before-repeat-3,text-52000,extract-loaded-page,12.647400,12.941100
before-repeat-3,text-52000,prepare-render-shapes,34.355700,34.886200
before-repeat-3,type3-4000,load-page-and-extract,1.061600,1.094900
before-repeat-3,type3-4000,extract-loaded-page,0.937400,0.987600
before-repeat-3,text-4000,save-0-erasures,2.851800,3.059200
before-repeat-3,text-4000,save-1-erasures,3.015400,3.061500
before-repeat-3,text-4000,save-8-erasures,3.415700,3.621400
before-repeat-3,text-52000,save-0-erasures,5.888700,6.013400
before-repeat-3,text-52000,save-1-erasures,6.223900,6.361200
before-repeat-3,text-52000,save-8-erasures,9.232000,9.976400
before-repeat-3,type3-4000,save-0-erasures,3.065200,3.123700
before-repeat-3,type3-4000,save-1-erasures,3.282200,3.492300
before-repeat-3,type3-4000,save-8-erasures,3.611600,3.638000
optimized-repeat-3,text-4000,load-page-and-extract,1.216700,1.293400
optimized-repeat-3,text-4000,extract-loaded-page,1.064800,1.088000
optimized-repeat-3,text-4000,prepare-render-shapes,2.735500,3.001200
optimized-repeat-3,text-4000,selection-filter-0,0.000015,0.000015
optimized-repeat-3,text-4000,selection-cached-0,0.000012,0.000013
optimized-repeat-3,text-4000,selection-filter-1,0.034510,0.046360
optimized-repeat-3,text-4000,selection-cached-1,0.000041,0.000041
optimized-repeat-3,text-4000,selection-filter-8,0.211685,0.216155
optimized-repeat-3,text-4000,selection-cached-8,0.000077,0.000078
optimized-repeat-3,text-4000,selection-filter-32,0.780365,0.803735
optimized-repeat-3,text-4000,selection-cached-32,0.000194,0.000195
optimized-repeat-3,text-52000,load-page-and-extract,16.204100,16.783300
optimized-repeat-3,text-52000,extract-loaded-page,14.336600,14.741200
optimized-repeat-3,text-52000,prepare-render-shapes,34.341900,34.966800
optimized-repeat-3,text-52000,selection-filter-0,0.000015,0.000015
optimized-repeat-3,text-52000,selection-cached-0,0.000012,0.000013
optimized-repeat-3,text-52000,selection-filter-1,0.837150,0.860090
optimized-repeat-3,text-52000,selection-cached-1,0.000041,0.000042
optimized-repeat-3,text-52000,selection-filter-8,3.027780,3.077475
optimized-repeat-3,text-52000,selection-cached-8,0.000077,0.000078
optimized-repeat-3,text-52000,selection-filter-32,10.555115,10.689070
optimized-repeat-3,text-52000,selection-cached-32,0.000191,0.000192
optimized-repeat-3,type3-4000,load-page-and-extract,1.153100,1.251200
optimized-repeat-3,type3-4000,extract-loaded-page,1.044100,1.092200
optimized-repeat-3,type3-4000,selection-filter-0,0.000015,0.000015
optimized-repeat-3,type3-4000,selection-cached-0,0.000013,0.000013
optimized-repeat-3,type3-4000,selection-filter-1,0.040040,0.044095
optimized-repeat-3,type3-4000,selection-cached-1,0.000041,0.000042
optimized-repeat-3,type3-4000,selection-filter-8,0.204605,0.207690
optimized-repeat-3,type3-4000,selection-cached-8,0.000077,0.000078
optimized-repeat-3,type3-4000,selection-filter-32,0.761330,0.764450
optimized-repeat-3,type3-4000,selection-cached-32,0.000194,0.000195
optimized-repeat-3,text-4000,save-0-erasures,2.836400,2.996800
optimized-repeat-3,text-4000,save-1-erasures,3.638200,3.821500
optimized-repeat-3,text-4000,save-8-erasures,3.803100,3.965600
optimized-repeat-3,text-52000,save-0-erasures,5.844300,6.050900
optimized-repeat-3,text-52000,save-1-erasures,12.419000,14.103400
optimized-repeat-3,text-52000,save-8-erasures,12.531600,12.619600
optimized-repeat-3,type3-4000,save-0-erasures,3.000700,3.113800
optimized-repeat-3,type3-4000,save-1-erasures,5.131700,5.672500
optimized-repeat-3,type3-4000,save-8-erasures,5.332700,5.448000
